ID;Data;Unidade Gestora;Dimensão;Critério;Exigibilidade;Item Verificação;Resposta;links_avaliação;Resposta Validação;Resposta Revisão
29739;15/05/2025 15:12;Prefeitura Municipal de Jardim (CE);Informações Prioritárias;1.1 Possui sítio oficial próprio na internet?;Essencial;Disponibilidade;Atende;https://www.jardim.ce.gov.br/;Atende;
29739;15/05/2025 15:12;Prefeitura Municipal de Jardim (CE);Informações Prioritárias;1.2 Possui portal da transparência próprio ou compartilhado na internet?;Essencial;Disponibilidade;Atende;https://www.jardim.ce.gov.br/acessoainformacao.php;Atende;
29739;15/05/2025 15:12;Prefeitura Municipal de Jardim (CE);Informações Prioritárias;1.3 O acesso ao portal transparência está visível na capa do site?;Obrigatório;Disponibilidade;Atende;https://www.jardim.ce.gov.br/;Atende;
29739;15/05/2025 15:12;Prefeitura Municipal de Jardim (CE);Informações Prioritárias;1.4 O site e o  portal tranparência contêm ferramenta de pesquisa de conteúdo que permita o acesso à informação?;Obrigatório;Disponibilidade;Atende;https://www.jardim.ce.gov.br/acessoainformacao.php;Atende;
29739;15/05/2025 15:12;Prefeitura Municipal de Jardim (CE);Informações Institucionais;2.1 Divulga a sua estrutura organizacional?;Obrigatório;Disponibilidade;Atende;https://www.jardim.ce.gov.br/institucional.php;Atende;
29739;15/05/2025 15:12;Prefeitura Municipal de Jardim (CE);Informações Institucionais;2.2 Divulga competências e/ou atribuições?;Obrigatório;Disponibilidade;Atende;https://www.jardim.ce.gov.br/institucional.php#competencias;Atende;
29739;15/05/2025 15:12;Prefeitura Municipal de Jardim (CE);Informações Institucionais;2.3 Identifica o nome dos atuais responsáveis pela gestão do Poder/Órgão?;Obrigatório;Disponibilidade;Atende;https://www.jardim.ce.gov.br/institucional.php#secretarias;Atende;
29739;15/05/2025 15:12;Prefeitura Municipal de Jardim (CE);Informações Institucionais;2.4 Divulga os endereços e telefones atuais do Poder ou órgão e e-mails institucionais?;Obrigatório;Disponibilidade;Atende;https://www.jardim.ce.gov.br/institucional.php;Atende;
29739;15/05/2025 15:12;Prefeitura Municipal de Jardim (CE);Informações Institucionais;2.5 Divulga o horário de atendimento?;Obrigatório;Disponibilidade;Atende;https://www.jardim.ce.gov.br/institucional.php;Atende;
29739;15/05/2025 15:12;Prefeitura Municipal de Jardim (CE);Informações Institucionais;2.6 Divulga os atos normativos próprios?;Obrigatório;Disponibilidade;Atende;"https://www.jardim.ce.gov.br/institucional.php#decretos
https://www.jardim.ce.gov.br/publicacoes.php
https://www.jardim.ce.gov.br/decretos.php
https://www.jardim.ce.gov.br/leis.php
https://www.jardim.ce.gov.br/institucional.php#portarias";Atende;
29739;15/05/2025 15:12;Prefeitura Municipal de Jardim (CE);Informações Institucionais;2.6 Divulga os atos normativos próprios?;Obrigatório;Atualidade;Atende;;Atende;
29739;15/05/2025 15:12;Prefeitura Municipal de Jardim (CE);Informações Institucionais;2.6 Divulga os atos normativos próprios?;Obrigatório;Série Histórica;Atende;;Atende;
29739;15/05/2025 15:12;Prefeitura Municipal de Jardim (CE);Informações Institucionais;2.6 Divulga os atos normativos próprios?;Obrigatório;Filtros de Pesquisa;Atende;;Atende;
29739;15/05/2025 15:12;Prefeitura Municipal de Jardim (CE);Informações Institucionais;2.7 Divulga as perguntas e respostas mais frequentes relacionadas às atividades desenvolvidas pelo Poder/Órgão?;Obrigatório;Disponibilidade;Atende;https://www.jardim.ce.gov.br/perguntaserespostas.php;Atende;
29739;15/05/2025 15:12;Prefeitura Municipal de Jardim (CE);Informações Institucionais;2.8 Participa em redes sociais e apresenta, no seu sítio institucional, link de acesso ao seu perfil?;Recomendado;Disponibilidade;Atende;"https://www.facebook.com/prefeituradejardimce
https://www.youtube.com/@prefeituradejardim
https://www.instagram.com/prefeituradejardim/?hl=pt-br
https://www.jardim.ce.gov.br/";Atende;
29739;15/05/2025 15:12;Prefeitura Municipal de Jardim (CE);Informações Institucionais;2.9 Inclui botão do Radar da Transparência Pública no site institucional ou portal transparência?;Recomendado;Disponibilidade;Atende;"https://radar.tce.mt.gov.br/extensions/radar-da-transparencia-publica/panel.html
https://www.jardim.ce.gov.br/";Atende;
29739;15/05/2025 15:12;Prefeitura Municipal de Jardim (CE);Receita;3.1 Divulga as receitas do Poder ou órgão, evidenciando sua previsão e realização?;Essencial;Disponibilidade;Atende;https://www.jardim.ce.gov.br/lcreceitas.php;Atende;
29739;15/05/2025 15:12;Prefeitura Municipal de Jardim (CE);Receita;3.1 Divulga as receitas do Poder ou órgão, evidenciando sua previsão e realização?;Essencial;Atualidade;Atende;;Atende;
29739;15/05/2025 15:12;Prefeitura Municipal de Jardim (CE);Receita;3.1 Divulga as receitas do Poder ou órgão, evidenciando sua previsão e realização?;Essencial;Série Histórica;Atende;;Atende;
29739;15/05/2025 15:12;Prefeitura Municipal de Jardim (CE);Receita;3.1 Divulga as receitas do Poder ou órgão, evidenciando sua previsão e realização?;Essencial;Gravação de Relatórios;Atende;;Atende;
29739;15/05/2025 15:12;Prefeitura Municipal de Jardim (CE);Receita;3.1 Divulga as receitas do Poder ou órgão, evidenciando sua previsão e realização?;Essencial;Filtros de Pesquisa;Atende;;Atende;
29739;15/05/2025 15:12;Prefeitura Municipal de Jardim (CE);Receita;3.2 Divulga a classificação orçamentária por natureza da receita (categoria econômica, origem, espécie)?;Essencial;Disponibilidade;Atende;https://www.jardim.ce.gov.br/lcreceitas.php;Atende;
29739;15/05/2025 15:12;Prefeitura Municipal de Jardim (CE);Receita;3.2 Divulga a classificação orçamentária por natureza da receita (categoria econômica, origem, espécie)?;Essencial;Atualidade;Atende;;Atende;
29739;15/05/2025 15:12;Prefeitura Municipal de Jardim (CE);Receita;3.2 Divulga a classificação orçamentária por natureza da receita (categoria econômica, origem, espécie)?;Essencial;Série Histórica;Atende;;Atende;
29739;15/05/2025 15:12;Prefeitura Municipal de Jardim (CE);Receita;3.2 Divulga a classificação orçamentária por natureza da receita (categoria econômica, origem, espécie)?;Essencial;Gravação de Relatórios;Atende;;Atende;
29739;15/05/2025 15:12;Prefeitura Municipal de Jardim (CE);Receita;3.2 Divulga a classificação orçamentária por natureza da receita (categoria econômica, origem, espécie)?;Essencial;Filtros de Pesquisa;Atende;;Atende;
29739;15/05/2025 15:12;Prefeitura Municipal de Jardim (CE);Receita;3.3 Divulga a lista dos inscritos em dívida ativa, contendo, no mínimo, dados referentes ao nome do inscrito e o valor total da dívida?;Obrigatório;Disponibilidade;Atende;https://www.jardim.ce.gov.br/lcreceitas.php?exe=2025&emp=14040002&org=04&uni=01;Não Atende;
29739;15/05/2025 15:12;Prefeitura Municipal de Jardim (CE);Receita;3.3 Divulga a lista dos inscritos em dívida ativa, contendo, no mínimo, dados referentes ao nome do inscrito e o valor total da dívida?;Obrigatório;Atualidade;Atende;;Não Atende;
29739;15/05/2025 15:12;Prefeitura Municipal de Jardim (CE);Receita;3.3 Divulga a lista dos inscritos em dívida ativa, contendo, no mínimo, dados referentes ao nome do inscrito e o valor total da dívida?;Obrigatório;Série Histórica;Atende;;Não Atende;
29739;15/05/2025 15:12;Prefeitura Municipal de Jardim (CE);Receita;3.3 Divulga a lista dos inscritos em dívida ativa, contendo, no mínimo, dados referentes ao nome do inscrito e o valor total da dívida?;Obrigatório;Gravação de Relatórios;Atende;;Não Atende;
29739;15/05/2025 15:12;Prefeitura Municipal de Jardim (CE);Receita;3.3 Divulga a lista dos inscritos em dívida ativa, contendo, no mínimo, dados referentes ao nome do inscrito e o valor total da dívida?;Obrigatório;Filtros de Pesquisa;Atende;;Não Atende;
29739;15/05/2025 15:12;Prefeitura Municipal de Jardim (CE);Despesa;4.1 Divulga o total das despesas empenhadas, liquidadas e pagas?;Essencial;Disponibilidade;Atende;"https://www.jardim.ce.gov.br/despesas.php
https://www.jardim.ce.gov.br/relatorio.php? id=39&ANO=2025&rel=IEFORCBFeGVyYyA9IDphbm8g&val=Xzphbm89MjAyNQ==";Atende;
29739;15/05/2025 15:12;Prefeitura Municipal de Jardim (CE);Despesa;4.1 Divulga o total das despesas empenhadas, liquidadas e pagas?;Essencial;Atualidade;Atende;;Atende;
29739;15/05/2025 15:12;Prefeitura Municipal de Jardim (CE);Despesa;4.1 Divulga o total das despesas empenhadas, liquidadas e pagas?;Essencial;Série Histórica;Atende;;Atende;
29739;15/05/2025 15:12;Prefeitura Municipal de Jardim (CE);Despesa;4.1 Divulga o total das despesas empenhadas, liquidadas e pagas?;Essencial;Gravação de Relatórios;Atende;;Atende;
29739;15/05/2025 15:12;Prefeitura Municipal de Jardim (CE);Despesa;4.1 Divulga o total das despesas empenhadas, liquidadas e pagas?;Essencial;Filtros de Pesquisa;Atende;;Atende;
29739;15/05/2025 15:12;Prefeitura Municipal de Jardim (CE);Despesa;4.2 Divulga as despesas por classificação orçamentária?;Essencial;Disponibilidade;Atende;"https://www.jardim.ce.gov.br/lcempenhos.php? exe=2025&emp=14040005&org=25&uni=01
https://www.jardim.ce.gov.br/despesas.php";Atende;
29739;15/05/2025 15:12;Prefeitura Municipal de Jardim (CE);Despesa;4.2 Divulga as despesas por classificação orçamentária?;Essencial;Atualidade;Atende;;Atende;
29739;15/05/2025 15:12;Prefeitura Municipal de Jardim (CE);Despesa;4.2 Divulga as despesas por classificação orçamentária?;Essencial;Série Histórica;Atende;;Atende;
29739;15/05/2025 15:12;Prefeitura Municipal de Jardim (CE);Despesa;4.2 Divulga as despesas por classificação orçamentária?;Essencial;Gravação de Relatórios;Atende;;Atende;
29739;15/05/2025 15:12;Prefeitura Municipal de Jardim (CE);Despesa;4.2 Divulga as despesas por classificação orçamentária?;Essencial;Filtros de Pesquisa;Atende;;Atende;
29739;15/05/2025 15:12;Prefeitura Municipal de Jardim (CE);Despesa;4.3 Possibilita a consulta de empenhos com os detalhes do beneficiário do pagamento ou credor, o bem fornecido ou serviço prestado e a identificação do procedimento licitatório originário da despesa?;Obrigatório;Disponibilidade;Atende;https://www.jardim.ce.gov.br/lcempenhos.php? exe=2025&emp=14040005&org=25&uni=01;Atende;
29739;15/05/2025 15:12;Prefeitura Municipal de Jardim (CE);Despesa;4.3 Possibilita a consulta de empenhos com os detalhes do beneficiário do pagamento ou credor, o bem fornecido ou serviço prestado e a identificação do procedimento licitatório originário da despesa?;Obrigatório;Atualidade;Atende;;Atende;
29739;15/05/2025 15:12;Prefeitura Municipal de Jardim (CE);Despesa;4.3 Possibilita a consulta de empenhos com os detalhes do beneficiário do pagamento ou credor, o bem fornecido ou serviço prestado e a identificação do procedimento licitatório originário da despesa?;Obrigatório;Série Histórica;Atende;;Atende;
29739;15/05/2025 15:12;Prefeitura Municipal de Jardim (CE);Despesa;4.3 Possibilita a consulta de empenhos com os detalhes do beneficiário do pagamento ou credor, o bem fornecido ou serviço prestado e a identificação do procedimento licitatório originário da despesa?;Obrigatório;Gravação de Relatórios;Atende;;Atende;
29739;15/05/2025 15:12;Prefeitura Municipal de Jardim (CE);Despesa;4.3 Possibilita a consulta de empenhos com os detalhes do beneficiário do pagamento ou credor, o bem fornecido ou serviço prestado e a identificação do procedimento licitatório originário da despesa?;Obrigatório;Filtros de Pesquisa;Atende;;Atende;
29739;15/05/2025 15:12;Prefeitura Municipal de Jardim (CE);Convênios e Transferências;5.1 Identifica as transferências recebidas a partir da celebração de convênios/acordos com indicação, no mínimo, do valor total previsto dos recursos envolvidos, do valor recebido, do objeto e da origem (órgão repassador/concedente)?;Obrigatório;Disponibilidade;Atende;"https://www.jardim.ce.gov.br/convenio.php
https://www.jardim.ce.gov.br/convenios_recebidos";Atende;
29739;15/05/2025 15:12;Prefeitura Municipal de Jardim (CE);Convênios e Transferências;5.1 Identifica as transferências recebidas a partir da celebração de convênios/acordos com indicação, no mínimo, do valor total previsto dos recursos envolvidos, do valor recebido, do objeto e da origem (órgão repassador/concedente)?;Obrigatório;Atualidade;Atende;;Atende;
29739;15/05/2025 15:12;Prefeitura Municipal de Jardim (CE);Convênios e Transferências;5.1 Identifica as transferências recebidas a partir da celebração de convênios/acordos com indicação, no mínimo, do valor total previsto dos recursos envolvidos, do valor recebido, do objeto e da origem (órgão repassador/concedente)?;Obrigatório;Série Histórica;Atende;;Atende;
29739;15/05/2025 15:12;Prefeitura Municipal de Jardim (CE);Convênios e Transferências;5.1 Identifica as transferências recebidas a partir da celebração de convênios/acordos com indicação, no mínimo, do valor total previsto dos recursos envolvidos, do valor recebido, do objeto e da origem (órgão repassador/concedente)?;Obrigatório;Gravação de Relatórios;Atende;;Atende;
29739;15/05/2025 15:12;Prefeitura Municipal de Jardim (CE);Convênios e Transferências;5.1 Identifica as transferências recebidas a partir da celebração de convênios/acordos com indicação, no mínimo, do valor total previsto dos recursos envolvidos, do valor recebido, do objeto e da origem (órgão repassador/concedente)?;Obrigatório;Filtros de Pesquisa;Atende;;Atende;
29739;15/05/2025 15:12;Prefeitura Municipal de Jardim (CE);Convênios e Transferências;5.2 Identifica as transferências realizadas a partir da celebração de convênios/acordos/ajustes, com indicação, no mínimo, do beneficiário, do objeto, do valor total previsto para repasse e do valor concedido?;Obrigatório;Disponibilidade;Atende;https://www.jardim.ce.gov.br/convenios_recebidos.php?id=4;Atende;
29739;15/05/2025 15:12;Prefeitura Municipal de Jardim (CE);Convênios e Transferências;5.2 Identifica as transferências realizadas a partir da celebração de convênios/acordos/ajustes, com indicação, no mínimo, do beneficiário, do objeto, do valor total previsto para repasse e do valor concedido?;Obrigatório;Atualidade;Atende;;Atende;
29739;15/05/2025 15:12;Prefeitura Municipal de Jardim (CE);Convênios e Transferências;5.2 Identifica as transferências realizadas a partir da celebração de convênios/acordos/ajustes, com indicação, no mínimo, do beneficiário, do objeto, do valor total previsto para repasse e do valor concedido?;Obrigatório;Série Histórica;Atende;;Atende;
29739;15/05/2025 15:12;Prefeitura Municipal de Jardim (CE);Convênios e Transferências;5.2 Identifica as transferências realizadas a partir da celebração de convênios/acordos/ajustes, com indicação, no mínimo, do beneficiário, do objeto, do valor total previsto para repasse e do valor concedido?;Obrigatório;Gravação de Relatórios;Atende;;Atende;
29739;15/05/2025 15:12;Prefeitura Municipal de Jardim (CE);Convênios e Transferências;5.2 Identifica as transferências realizadas a partir da celebração de convênios/acordos/ajustes, com indicação, no mínimo, do beneficiário, do objeto, do valor total previsto para repasse e do valor concedido?;Obrigatório;Filtros de Pesquisa;Atende;;Atende;
29739;15/05/2025 15:12;Prefeitura Municipal de Jardim (CE);Convênios e Transferências;5.3 Identifica os acordos firmados que não envolvam transferência de recursos financeiros, identificando as partes, o objeto e as obrigações ajustadas?;Obrigatório;Disponibilidade;Atende;https://www.jardim.ce.gov.br/convenios_acordos;Atende;
29739;15/05/2025 15:12;Prefeitura Municipal de Jardim (CE);Convênios e Transferências;5.3 Identifica os acordos firmados que não envolvam transferência de recursos financeiros, identificando as partes, o objeto e as obrigações ajustadas?;Obrigatório;Atualidade;Atende;;Atende;
29739;15/05/2025 15:12;Prefeitura Municipal de Jardim (CE);Convênios e Transferências;5.3 Identifica os acordos firmados que não envolvam transferência de recursos financeiros, identificando as partes, o objeto e as obrigações ajustadas?;Obrigatório;Série Histórica;Atende;;Atende;
29739;15/05/2025 15:12;Prefeitura Municipal de Jardim (CE);Convênios e Transferências;5.3 Identifica os acordos firmados que não envolvam transferência de recursos financeiros, identificando as partes, o objeto e as obrigações ajustadas?;Obrigatório;Gravação de Relatórios;Atende;;Atende;
29739;15/05/2025 15:12;Prefeitura Municipal de Jardim (CE);Convênios e Transferências;5.3 Identifica os acordos firmados que não envolvam transferência de recursos financeiros, identificando as partes, o objeto e as obrigações ajustadas?;Obrigatório;Filtros de Pesquisa;Atende;;Atende;
29739;15/05/2025 15:12;Prefeitura Municipal de Jardim (CE);Recursos humanos;6.1 Divulga a relação nominal dos servidores/autoridades/membros, seus cargos/funções, as respectivas lotações, as suas datas de admissão/exoneração/inativação e a carga horária do cargo/função ocupada/desempenhada?;Obrigatório;Disponibilidade;Atende;"https://www.jardim.ce.gov.br/recursoshumanos.php?id=17368&MES=03FN&ANO=2025
https://www.jardim.ce.gov.br/recursoshumanos.php";Atende;
29739;15/05/2025 15:12;Prefeitura Municipal de Jardim (CE);Recursos humanos;6.1 Divulga a relação nominal dos servidores/autoridades/membros, seus cargos/funções, as respectivas lotações, as suas datas de admissão/exoneração/inativação e a carga horária do cargo/função ocupada/desempenhada?;Obrigatório;Atualidade;Atende;;Atende;
29739;15/05/2025 15:12;Prefeitura Municipal de Jardim (CE);Recursos humanos;6.1 Divulga a relação nominal dos servidores/autoridades/membros, seus cargos/funções, as respectivas lotações, as suas datas de admissão/exoneração/inativação e a carga horária do cargo/função ocupada/desempenhada?;Obrigatório;Série Histórica;Atende;;Atende;
29739;15/05/2025 15:12;Prefeitura Municipal de Jardim (CE);Recursos humanos;6.1 Divulga a relação nominal dos servidores/autoridades/membros, seus cargos/funções, as respectivas lotações, as suas datas de admissão/exoneração/inativação e a carga horária do cargo/função ocupada/desempenhada?;Obrigatório;Gravação de Relatórios;Atende;;Atende;
29739;15/05/2025 15:12;Prefeitura Municipal de Jardim (CE);Recursos humanos;6.1 Divulga a relação nominal dos servidores/autoridades/membros, seus cargos/funções, as respectivas lotações, as suas datas de admissão/exoneração/inativação e a carga horária do cargo/função ocupada/desempenhada?;Obrigatório;Filtros de Pesquisa;Atende;;Atende;
29739;15/05/2025 15:12;Prefeitura Municipal de Jardim (CE);Recursos humanos;6.2 Identifica a remuneração nominal de cada servidor/autoridade/Membro e a tabela com o padrão remuneratório dos cargos e funções?;Obrigatório;Disponibilidade;Atende;https://www.jardim.ce.gov.br/recursoshumanos.php?id=17368&MES=03FN&ANO=2025;Não Atende;
29739;15/05/2025 15:12;Prefeitura Municipal de Jardim (CE);Recursos humanos;6.2 Identifica a remuneração nominal de cada servidor/autoridade/Membro e a tabela com o padrão remuneratório dos cargos e funções?;Obrigatório;Atualidade;Atende;;Não Atende;
29739;15/05/2025 15:12;Prefeitura Municipal de Jardim (CE);Recursos humanos;6.2 Identifica a remuneração nominal de cada servidor/autoridade/Membro e a tabela com o padrão remuneratório dos cargos e funções?;Obrigatório;Série Histórica;Atende;;Não Atende;
29739;15/05/2025 15:12;Prefeitura Municipal de Jardim (CE);Recursos humanos;6.2 Identifica a remuneração nominal de cada servidor/autoridade/Membro e a tabela com o padrão remuneratório dos cargos e funções?;Obrigatório;Gravação de Relatórios;Atende;;Não Atende;
29739;15/05/2025 15:12;Prefeitura Municipal de Jardim (CE);Recursos humanos;6.2 Identifica a remuneração nominal de cada servidor/autoridade/Membro e a tabela com o padrão remuneratório dos cargos e funções?;Obrigatório;Filtros de Pesquisa;Atende;;Não Atende;
29739;15/05/2025 15:12;Prefeitura Municipal de Jardim (CE);Recursos humanos;6.3 Divulga a lista de seus estagiários?;Recomendado;Disponibilidade;Atende;https://www.jardim.ce.gov.br/estagiarios.php;Atende;
29739;15/05/2025 15:12;Prefeitura Municipal de Jardim (CE);Recursos humanos;6.3 Divulga a lista de seus estagiários?;Recomendado;Atualidade;Atende;;Atende;
29739;15/05/2025 15:12;Prefeitura Municipal de Jardim (CE);Recursos humanos;6.3 Divulga a lista de seus estagiários?;Recomendado;Série Histórica;Atende;;Atende;
29739;15/05/2025 15:12;Prefeitura Municipal de Jardim (CE);Recursos humanos;6.3 Divulga a lista de seus estagiários?;Recomendado;Gravação de Relatórios;Atende;;Atende;
29739;15/05/2025 15:12;Prefeitura Municipal de Jardim (CE);Recursos humanos;6.3 Divulga a lista de seus estagiários?;Recomendado;Filtros de Pesquisa;Atende;;Atende;
29739;15/05/2025 15:12;Prefeitura Municipal de Jardim (CE);Recursos humanos;6.4 Publica lista dos terceirizados que prestam serviços para o Poder ou órgão/ entidades, contendo, em relação a cada um deles: nome completo, função ou atividade exercida e nome da empresa empregadora?;Recomendado;Disponibilidade;Atende;https://www.jardim.ce.gov.br/terceirizados.php;Não Atende;
29739;15/05/2025 15:12;Prefeitura Municipal de Jardim (CE);Recursos humanos;6.4 Publica lista dos terceirizados que prestam serviços para o Poder ou órgão/ entidades, contendo, em relação a cada um deles: nome completo, função ou atividade exercida e nome da empresa empregadora?;Recomendado;Atualidade;Atende;;Não Atende;
29739;15/05/2025 15:12;Prefeitura Municipal de Jardim (CE);Recursos humanos;6.4 Publica lista dos terceirizados que prestam serviços para o Poder ou órgão/ entidades, contendo, em relação a cada um deles: nome completo, função ou atividade exercida e nome da empresa empregadora?;Recomendado;Série Histórica;Atende;;Não Atende;
29739;15/05/2025 15:12;Prefeitura Municipal de Jardim (CE);Recursos humanos;6.4 Publica lista dos terceirizados que prestam serviços para o Poder ou órgão/ entidades, contendo, em relação a cada um deles: nome completo, função ou atividade exercida e nome da empresa empregadora?;Recomendado;Gravação de Relatórios;Atende;;Não Atende;
29739;15/05/2025 15:12;Prefeitura Municipal de Jardim (CE);Recursos humanos;6.4 Publica lista dos terceirizados que prestam serviços para o Poder ou órgão/ entidades, contendo, em relação a cada um deles: nome completo, função ou atividade exercida e nome da empresa empregadora?;Recomendado;Filtros de Pesquisa;Atende;;Não Atende;
29739;15/05/2025 15:12;Prefeitura Municipal de Jardim (CE);Recursos humanos;6.5 Divulga a íntegra dos editais de concursos e seleções públicas realizados pelo Poder ou órgão para provimento de cargos e empregos públicos?;Obrigatório;Disponibilidade;Atende;"https://www.jardim.ce.gov.br/processoseletivo.php
https://www.jardim.ce.gov.br/processoseletivo.php?grup=23";Atende;
29739;15/05/2025 15:12;Prefeitura Municipal de Jardim (CE);Recursos humanos;6.5 Divulga a íntegra dos editais de concursos e seleções públicas realizados pelo Poder ou órgão para provimento de cargos e empregos públicos?;Obrigatório;Atualidade;Atende;;Atende;
29739;15/05/2025 15:12;Prefeitura Municipal de Jardim (CE);Recursos humanos;6.5 Divulga a íntegra dos editais de concursos e seleções públicas realizados pelo Poder ou órgão para provimento de cargos e empregos públicos?;Obrigatório;Série Histórica;Atende;;Atende;
29739;15/05/2025 15:12;Prefeitura Municipal de Jardim (CE);Recursos humanos;6.5 Divulga a íntegra dos editais de concursos e seleções públicas realizados pelo Poder ou órgão para provimento de cargos e empregos públicos?;Obrigatório;Filtros de Pesquisa;Atende;;Atende;
29739;15/05/2025 15:12;Prefeitura Municipal de Jardim (CE);Recursos humanos;6.6 Divulga informações sobre os demais atos dos concursos públicos e processos seletivos do Poder ou órgão, contendo no mínimo a lista de aprovados com as classificações e as nomeações?;Obrigatório;Disponibilidade;Atende;"https://www.jardim.ce.gov.br/processoseletivo.php
https://www.jardim.ce.gov.br/processoseletivo.php?grup=40";Atende;
29739;15/05/2025 15:12;Prefeitura Municipal de Jardim (CE);Recursos humanos;6.6 Divulga informações sobre os demais atos dos concursos públicos e processos seletivos do Poder ou órgão, contendo no mínimo a lista de aprovados com as classificações e as nomeações?;Obrigatório;Atualidade;Atende;;Atende;
29739;15/05/2025 15:12;Prefeitura Municipal de Jardim (CE);Recursos humanos;6.6 Divulga informações sobre os demais atos dos concursos públicos e processos seletivos do Poder ou órgão, contendo no mínimo a lista de aprovados com as classificações e as nomeações?;Obrigatório;Filtros de Pesquisa;Atende;;Atende;
29739;15/05/2025 15:12;Prefeitura Municipal de Jardim (CE);Diárias;7.1 Divulga o nome e o cargo/função do beneficiário, além do valor total recebido, número de diárias usufruídas por afastamento, período de afastamento, motivo do afastamento e local de destino?;Obrigatório;Disponibilidade;Atende;"https://www.jardim.ce.gov.br/diarias.php
https://www.jardim.ce.gov.br/diariaslista.php?id=2117";Atende;
29739;15/05/2025 15:12;Prefeitura Municipal de Jardim (CE);Diárias;7.1 Divulga o nome e o cargo/função do beneficiário, além do valor total recebido, número de diárias usufruídas por afastamento, período de afastamento, motivo do afastamento e local de destino?;Obrigatório;Atualidade;Atende;;Atende;
29739;15/05/2025 15:12;Prefeitura Municipal de Jardim (CE);Diárias;7.1 Divulga o nome e o cargo/função do beneficiário, além do valor total recebido, número de diárias usufruídas por afastamento, período de afastamento, motivo do afastamento e local de destino?;Obrigatório;Série Histórica;Atende;;Atende;
29739;15/05/2025 15:12;Prefeitura Municipal de Jardim (CE);Diárias;7.1 Divulga o nome e o cargo/função do beneficiário, além do valor total recebido, número de diárias usufruídas por afastamento, período de afastamento, motivo do afastamento e local de destino?;Obrigatório;Gravação de Relatórios;Atende;;Atende;
29739;15/05/2025 15:12;Prefeitura Municipal de Jardim (CE);Diárias;7.1 Divulga o nome e o cargo/função do beneficiário, além do valor total recebido, número de diárias usufruídas por afastamento, período de afastamento, motivo do afastamento e local de destino?;Obrigatório;Filtros de Pesquisa;Atende;;Atende;
29739;15/05/2025 15:12;Prefeitura Municipal de Jardim (CE);Diárias;7.2 Divulga tabela ou relação que explicite os valores das diárias dentro do Estado, fora do Estado e fora do país, conforme legislação local?;Obrigatório;Disponibilidade;Atende;"https://www.jardim.ce.gov.br/diariasvalor.php
https://www.jardim.ce.gov.br/diariaslista.php";Atende;
29739;15/05/2025 15:12;Prefeitura Municipal de Jardim (CE);Diárias;7.2 Divulga tabela ou relação que explicite os valores das diárias dentro do Estado, fora do Estado e fora do país, conforme legislação local?;Obrigatório;Atualidade;Atende;;Atende;
29739;15/05/2025 15:12;Prefeitura Municipal de Jardim (CE);Diárias;7.2 Divulga tabela ou relação que explicite os valores das diárias dentro do Estado, fora do Estado e fora do país, conforme legislação local?;Obrigatório;Série Histórica;Atende;;Atende;
29739;15/05/2025 15:12;Prefeitura Municipal de Jardim (CE);Diárias;7.2 Divulga tabela ou relação que explicite os valores das diárias dentro do Estado, fora do Estado e fora do país, conforme legislação local?;Obrigatório;Filtros de Pesquisa;Atende;;Atende;
29739;15/05/2025 15:12;Prefeitura Municipal de Jardim (CE);Licitações;8.1 Divulga a relação das licitações em ordem sequencial, informando o número e modalidade licitatória, o objeto, a data, o valor estimado/homologado e a situação?;Obrigatório;Disponibilidade;Atende;"https://www.jardim.ce.gov.br/licitacaolista.php
https://www.jardim.ce.gov.br/relatorio.php?id=14&rel=&val=
https://www.jardim.ce.gov.br/dispensaeinexigibilidade.php";Atende;
29739;15/05/2025 15:12;Prefeitura Municipal de Jardim (CE);Licitações;8.1 Divulga a relação das licitações em ordem sequencial, informando o número e modalidade licitatória, o objeto, a data, o valor estimado/homologado e a situação?;Obrigatório;Atualidade;Atende;;Atende;
29739;15/05/2025 15:12;Prefeitura Municipal de Jardim (CE);Licitações;8.1 Divulga a relação das licitações em ordem sequencial, informando o número e modalidade licitatória, o objeto, a data, o valor estimado/homologado e a situação?;Obrigatório;Série Histórica;Atende;;Atende;
29739;15/05/2025 15:12;Prefeitura Municipal de Jardim (CE);Licitações;8.1 Divulga a relação das licitações em ordem sequencial, informando o número e modalidade licitatória, o objeto, a data, o valor estimado/homologado e a situação?;Obrigatório;Gravação de Relatórios;Atende;;Atende;
29739;15/05/2025 15:12;Prefeitura Municipal de Jardim (CE);Licitações;8.1 Divulga a relação das licitações em ordem sequencial, informando o número e modalidade licitatória, o objeto, a data, o valor estimado/homologado e a situação?;Obrigatório;Filtros de Pesquisa;Atende;;Atende;
29739;15/05/2025 15:12;Prefeitura Municipal de Jardim (CE);Licitações;8.2 Divulga a íntegra dos editais de licitação?;Obrigatório;Disponibilidade;Atende;https://www.jardim.ce.gov.br/licitacaolista.php?id=633;Atende;
29739;15/05/2025 15:12;Prefeitura Municipal de Jardim (CE);Licitações;8.2 Divulga a íntegra dos editais de licitação?;Obrigatório;Atualidade;Atende;;Atende;
29739;15/05/2025 15:12;Prefeitura Municipal de Jardim (CE);Licitações;8.2 Divulga a íntegra dos editais de licitação?;Obrigatório;Série Histórica;Atende;;Atende;
29739;15/05/2025 15:12;Prefeitura Municipal de Jardim (CE);Licitações;8.2 Divulga a íntegra dos editais de licitação?;Obrigatório;Filtros de Pesquisa;Atende;;Atende;
29739;15/05/2025 15:12;Prefeitura Municipal de Jardim (CE);Licitações;8.3 Divulga a íntegra dos demais documentos das fases interna e externa das licitações?;Obrigatório;Disponibilidade;Atende;https://www.jardim.ce.gov.br/licitacaolista.php?id=633;Atende;
29739;15/05/2025 15:12;Prefeitura Municipal de Jardim (CE);Licitações;8.3 Divulga a íntegra dos demais documentos das fases interna e externa das licitações?;Obrigatório;Atualidade;Atende;;Atende;
29739;15/05/2025 15:12;Prefeitura Municipal de Jardim (CE);Licitações;8.3 Divulga a íntegra dos demais documentos das fases interna e externa das licitações?;Obrigatório;Série Histórica;Atende;;Atende;
29739;15/05/2025 15:12;Prefeitura Municipal de Jardim (CE);Licitações;8.3 Divulga a íntegra dos demais documentos das fases interna e externa das licitações?;Obrigatório;Filtros de Pesquisa;Atende;;Atende;
29739;15/05/2025 15:12;Prefeitura Municipal de Jardim (CE);Licitações;8.4 Divulga a íntegra dos principais documentos dos processos de dispensa e inexigibilidade de licitação?;Obrigatório;Disponibilidade;Atende;"https://www.jardim.ce.gov.br/dispensaeinexigibilidade.php
https://www.comprasjardimceara.com.br/home.jsf?windowId=12b";Não Atende;
29739;15/05/2025 15:12;Prefeitura Municipal de Jardim (CE);Licitações;8.4 Divulga a íntegra dos principais documentos dos processos de dispensa e inexigibilidade de licitação?;Obrigatório;Atualidade;Atende;;Não Atende;
29739;15/05/2025 15:12;Prefeitura Municipal de Jardim (CE);Licitações;8.4 Divulga a íntegra dos principais documentos dos processos de dispensa e inexigibilidade de licitação?;Obrigatório;Série Histórica;Atende;;Não Atende;
29739;15/05/2025 15:12;Prefeitura Municipal de Jardim (CE);Licitações;8.4 Divulga a íntegra dos principais documentos dos processos de dispensa e inexigibilidade de licitação?;Obrigatório;Filtros de Pesquisa;Atende;;Não Atende;
29739;15/05/2025 15:12;Prefeitura Municipal de Jardim (CE);Licitações;8.5 Divulga a íntegra das Atas de Adesão - SRP?;Obrigatório;Disponibilidade;Atende;https://www.jardim.ce.gov.br/atodeadesao.php;Atende;
29739;15/05/2025 15:12;Prefeitura Municipal de Jardim (CE);Licitações;8.5 Divulga a íntegra das Atas de Adesão - SRP?;Obrigatório;Atualidade;Atende;;Atende;
29739;15/05/2025 15:12;Prefeitura Municipal de Jardim (CE);Licitações;8.5 Divulga a íntegra das Atas de Adesão - SRP?;Obrigatório;Série Histórica;Atende;;Atende;
29739;15/05/2025 15:12;Prefeitura Municipal de Jardim (CE);Licitações;8.5 Divulga a íntegra das Atas de Adesão - SRP?;Obrigatório;Filtros de Pesquisa;Atende;;Atende;
29739;15/05/2025 15:12;Prefeitura Municipal de Jardim (CE);Licitações;8.6 Divulga o plano de contratações anual  (art. 12,VII, da Lei n. 14.133)?;Recomendado;Disponibilidade;Atende;"https://www.jardim.ce.gov.br/pca.php
https://www.jardim.ce.gov.br/pca.php";Atende;
29739;15/05/2025 15:12;Prefeitura Municipal de Jardim (CE);Licitações;8.6 Divulga o plano de contratações anual  (art. 12,VII, da Lei n. 14.133)?;Recomendado;Atualidade;Atende;;Atende;
29739;15/05/2025 15:12;Prefeitura Municipal de Jardim (CE);Licitações;8.7 Divulga a relação dos licitantes e/ou contratados sancionados administrativamente pelo Poder/órgão?;Recomendado;Disponibilidade;Atende;https://www.jardim.ce.gov.br/inidoneas.php;Não Atende;
29739;15/05/2025 15:12;Prefeitura Municipal de Jardim (CE);Licitações;8.7 Divulga a relação dos licitantes e/ou contratados sancionados administrativamente pelo Poder/órgão?;Recomendado;Atualidade;Atende;;Não Atende;
29739;15/05/2025 15:12;Prefeitura Municipal de Jardim (CE);Licitações;8.7 Divulga a relação dos licitantes e/ou contratados sancionados administrativamente pelo Poder/órgão?;Recomendado;Série Histórica;Atende;;Não Atende;
29739;15/05/2025 15:12;Prefeitura Municipal de Jardim (CE);Licitações;8.7 Divulga a relação dos licitantes e/ou contratados sancionados administrativamente pelo Poder/órgão?;Recomendado;Gravação de Relatórios;Atende;;Não Atende;
29739;15/05/2025 15:12;Prefeitura Municipal de Jardim (CE);Licitações;8.7 Divulga a relação dos licitantes e/ou contratados sancionados administrativamente pelo Poder/órgão?;Recomendado;Filtros de Pesquisa;Atende;;Não Atende;
29739;15/05/2025 15:12;Prefeitura Municipal de Jardim (CE);Contratos;9.1 Divulga a relação dos contratos celebrados em ordem sequencial, com o seu respectivo resumo, contendo, no mínimo, indicação do contratado(a), do valor, do objeto e da vigência, bem como dos aditivos deles decorrentes?;Obrigatório;Disponibilidade;Atende;"https://www.jardim.ce.gov.br/contratos.php
https://www.comprasjardimceara.com.br/pagina/portal/contratos.jsf?windowId=ba6";Atende;
29739;15/05/2025 15:12;Prefeitura Municipal de Jardim (CE);Contratos;9.1 Divulga a relação dos contratos celebrados em ordem sequencial, com o seu respectivo resumo, contendo, no mínimo, indicação do contratado(a), do valor, do objeto e da vigência, bem como dos aditivos deles decorrentes?;Obrigatório;Atualidade;Atende;;Atende;
29739;15/05/2025 15:12;Prefeitura Municipal de Jardim (CE);Contratos;9.1 Divulga a relação dos contratos celebrados em ordem sequencial, com o seu respectivo resumo, contendo, no mínimo, indicação do contratado(a), do valor, do objeto e da vigência, bem como dos aditivos deles decorrentes?;Obrigatório;Série Histórica;Atende;;Atende;
29739;15/05/2025 15:12;Prefeitura Municipal de Jardim (CE);Contratos;9.1 Divulga a relação dos contratos celebrados em ordem sequencial, com o seu respectivo resumo, contendo, no mínimo, indicação do contratado(a), do valor, do objeto e da vigência, bem como dos aditivos deles decorrentes?;Obrigatório;Gravação de Relatórios;Atende;;Atende;
29739;15/05/2025 15:12;Prefeitura Municipal de Jardim (CE);Contratos;9.1 Divulga a relação dos contratos celebrados em ordem sequencial, com o seu respectivo resumo, contendo, no mínimo, indicação do contratado(a), do valor, do objeto e da vigência, bem como dos aditivos deles decorrentes?;Obrigatório;Filtros de Pesquisa;Atende;;Atende;
29739;15/05/2025 15:12;Prefeitura Municipal de Jardim (CE);Contratos;9.2 Divulga o inteiro teor dos contratos e dos respectivos termos aditivos?;Obrigatório;Disponibilidade;Atende;"https://www.jardim.ce.gov.br/contratos.php? ano=2024&Obj=&Num=&dtini=&dtfim=&credor=&cnpj=&tpcont=2&secr=&vigente=&terceirizados=&fiscal=
https://www.jardim.ce.gov.br/licitacaolista.php?id=535
https://www.jardim.ce.gov.br/contratos.php?id=1303";Atende;
29739;15/05/2025 15:12;Prefeitura Municipal de Jardim (CE);Contratos;9.2 Divulga o inteiro teor dos contratos e dos respectivos termos aditivos?;Obrigatório;Atualidade;Atende;;Atende;
29739;15/05/2025 15:12;Prefeitura Municipal de Jardim (CE);Contratos;9.2 Divulga o inteiro teor dos contratos e dos respectivos termos aditivos?;Obrigatório;Série Histórica;Atende;;Atende;
29739;15/05/2025 15:12;Prefeitura Municipal de Jardim (CE);Contratos;9.2 Divulga o inteiro teor dos contratos e dos respectivos termos aditivos?;Obrigatório;Filtros de Pesquisa;Atende;;Atende;
29739;15/05/2025 15:12;Prefeitura Municipal de Jardim (CE);Contratos;9.3 Divulga a relação/lista dos fiscais de cada contrato vigente e encerrado?;Obrigatório;Disponibilidade;Atende;https://www.jardim.ce.gov.br/contratos.php;Atende;
29739;15/05/2025 15:12;Prefeitura Municipal de Jardim (CE);Contratos;9.3 Divulga a relação/lista dos fiscais de cada contrato vigente e encerrado?;Obrigatório;Atualidade;Atende;;Atende;
29739;15/05/2025 15:12;Prefeitura Municipal de Jardim (CE);Contratos;9.3 Divulga a relação/lista dos fiscais de cada contrato vigente e encerrado?;Obrigatório;Série Histórica;Atende;;Atende;
29739;15/05/2025 15:12;Prefeitura Municipal de Jardim (CE);Contratos;9.3 Divulga a relação/lista dos fiscais de cada contrato vigente e encerrado?;Obrigatório;Gravação de Relatórios;Atende;;Atende;
29739;15/05/2025 15:12;Prefeitura Municipal de Jardim (CE);Contratos;9.3 Divulga a relação/lista dos fiscais de cada contrato vigente e encerrado?;Obrigatório;Filtros de Pesquisa;Atende;;Atende;
29739;15/05/2025 15:12;Prefeitura Municipal de Jardim (CE);Contratos;9.4 Divulga a ordem cronológica de seus pagamentos, bem como as justificativas que fundamentaram a eventual alteração dessa ordem?;Obrigatório;Disponibilidade;Atende;https://www.jardim.ce.gov.br/lcpagamentos.php;Não Atende;
29739;15/05/2025 15:12;Prefeitura Municipal de Jardim (CE);Contratos;9.4 Divulga a ordem cronológica de seus pagamentos, bem como as justificativas que fundamentaram a eventual alteração dessa ordem?;Obrigatório;Atualidade;Atende;;Não Atende;
29739;15/05/2025 15:12;Prefeitura Municipal de Jardim (CE);Contratos;9.4 Divulga a ordem cronológica de seus pagamentos, bem como as justificativas que fundamentaram a eventual alteração dessa ordem?;Obrigatório;Série Histórica;Atende;;Não Atende;
29739;15/05/2025 15:12;Prefeitura Municipal de Jardim (CE);Contratos;9.4 Divulga a ordem cronológica de seus pagamentos, bem como as justificativas que fundamentaram a eventual alteração dessa ordem?;Obrigatório;Gravação de Relatórios;Atende;;Não Atende;
29739;15/05/2025 15:12;Prefeitura Municipal de Jardim (CE);Contratos;9.4 Divulga a ordem cronológica de seus pagamentos, bem como as justificativas que fundamentaram a eventual alteração dessa ordem?;Obrigatório;Filtros de Pesquisa;Atende;;Não Atende;
29739;15/05/2025 15:12;Prefeitura Municipal de Jardim (CE);Obras;10.1 Divulga informações sobre as obras contendo o objeto, a situação atual, as datas de início e conclusão de obra, empresa contratada e o percentual concluído?;Recomendado;Disponibilidade;Atende;"https://www.jardim.ce.gov.br/obras.php
https://www.jardim.ce.gov.br/obras.php?id=11";Atende;
29739;15/05/2025 15:12;Prefeitura Municipal de Jardim (CE);Obras;10.1 Divulga informações sobre as obras contendo o objeto, a situação atual, as datas de início e conclusão de obra, empresa contratada e o percentual concluído?;Recomendado;Atualidade;Atende;;Atende;
29739;15/05/2025 15:12;Prefeitura Municipal de Jardim (CE);Obras;10.1 Divulga informações sobre as obras contendo o objeto, a situação atual, as datas de início e conclusão de obra, empresa contratada e o percentual concluído?;Recomendado;Gravação de Relatórios;Atende;;Atende;
29739;15/05/2025 15:12;Prefeitura Municipal de Jardim (CE);Obras;10.1 Divulga informações sobre as obras contendo o objeto, a situação atual, as datas de início e conclusão de obra, empresa contratada e o percentual concluído?;Recomendado;Filtros de Pesquisa;Atende;;Atende;
29739;15/05/2025 15:12;Prefeitura Municipal de Jardim (CE);Obras;10.2 Divulga os quantitativos e os preços unitários e totais contratados?;Obrigatório;Disponibilidade;Atende;https://www.jardim.ce.gov.br/obras.php?id=3;Atende;
29739;15/05/2025 15:12;Prefeitura Municipal de Jardim (CE);Obras;10.2 Divulga os quantitativos e os preços unitários e totais contratados?;Obrigatório;Atualidade;Atende;;Atende;
29739;15/05/2025 15:12;Prefeitura Municipal de Jardim (CE);Obras;10.2 Divulga os quantitativos e os preços unitários e totais contratados?;Obrigatório;Gravação de Relatórios;Atende;;Atende;
29739;15/05/2025 15:12;Prefeitura Municipal de Jardim (CE);Obras;10.3 Divulga os quantitativos executados e os preços efetivamente pagos?;Obrigatório;Disponibilidade;Atende;https://www.jardim.ce.gov.br/obras.php?id=3;Atende;
29739;15/05/2025 15:12;Prefeitura Municipal de Jardim (CE);Obras;10.3 Divulga os quantitativos executados e os preços efetivamente pagos?;Obrigatório;Atualidade;Atende;;Atende;
29739;15/05/2025 15:12;Prefeitura Municipal de Jardim (CE);Obras;10.3 Divulga os quantitativos executados e os preços efetivamente pagos?;Obrigatório;Gravação de Relatórios;Atende;;Atende;
29739;15/05/2025 15:12;Prefeitura Municipal de Jardim (CE);Obras;10.4 Divulga relação das obras paralisadas contendo o motivo,  o responsável pela inexecução temporária do objeto do contrato e a data prevista para o reinício da sua execução?;Obrigatório;Disponibilidade;Atende;https://www.jardim.ce.gov.br/obras.php? dtini=&dtfim=&descr=&tipo=&Sec=&credor=&situacao=&status=3;Atende;
29739;15/05/2025 15:12;Prefeitura Municipal de Jardim (CE);Obras;10.4 Divulga relação das obras paralisadas contendo o motivo,  o responsável pela inexecução temporária do objeto do contrato e a data prevista para o reinício da sua execução?;Obrigatório;Atualidade;Atende;;Atende;
29739;15/05/2025 15:12;Prefeitura Municipal de Jardim (CE);Obras;10.4 Divulga relação das obras paralisadas contendo o motivo,  o responsável pela inexecução temporária do objeto do contrato e a data prevista para o reinício da sua execução?;Obrigatório;Gravação de Relatórios;Atende;;Atende;
29739;15/05/2025 15:12;Prefeitura Municipal de Jardim (CE);Obras;10.4 Divulga relação das obras paralisadas contendo o motivo,  o responsável pela inexecução temporária do objeto do contrato e a data prevista para o reinício da sua execução?;Obrigatório;Filtros de Pesquisa;Atende;;Atende;
29739;15/05/2025 15:12;Prefeitura Municipal de Jardim (CE);Planejamento e Prestação de Contas;11.1 Publica a Prestação de Contas do Ano Anterior (Balanço Geral)?;Obrigatório;Disponibilidade;Atende;https://www.jardim.ce.gov.br/contasdegoverno.php;Atende;
29739;15/05/2025 15:12;Prefeitura Municipal de Jardim (CE);Planejamento e Prestação de Contas;11.1 Publica a Prestação de Contas do Ano Anterior (Balanço Geral)?;Obrigatório;Atualidade;Atende;;Atende;
29739;15/05/2025 15:12;Prefeitura Municipal de Jardim (CE);Planejamento e Prestação de Contas;11.1 Publica a Prestação de Contas do Ano Anterior (Balanço Geral)?;Obrigatório;Série Histórica;Atende;;Atende;
29739;15/05/2025 15:12;Prefeitura Municipal de Jardim (CE);Planejamento e Prestação de Contas;11.1 Publica a Prestação de Contas do Ano Anterior (Balanço Geral)?;Obrigatório;Filtros de Pesquisa;Atende;;Atende;
29739;15/05/2025 15:12;Prefeitura Municipal de Jardim (CE);Planejamento e Prestação de Contas;11.2 Divulga o Relatório de Gestão ou Atividades?;Obrigatório;Disponibilidade;Atende;"https://www.jardim.ce.gov.br/lrf.php?cat=4
https://www.jardim.ce.gov.br/contasdegoverno?id=1388
https://www.jardim.ce.gov.br/contasdegoverno.php";Não Atende;
29739;15/05/2025 15:12;Prefeitura Municipal de Jardim (CE);Planejamento e Prestação de Contas;11.2 Divulga o Relatório de Gestão ou Atividades?;Obrigatório;Atualidade;Atende;;Não Atende;
29739;15/05/2025 15:12;Prefeitura Municipal de Jardim (CE);Planejamento e Prestação de Contas;11.2 Divulga o Relatório de Gestão ou Atividades?;Obrigatório;Série Histórica;Atende;;Não Atende;
29739;15/05/2025 15:12;Prefeitura Municipal de Jardim (CE);Planejamento e Prestação de Contas;11.2 Divulga o Relatório de Gestão ou Atividades?;Obrigatório;Filtros de Pesquisa;Atende;;Não Atende;
29739;15/05/2025 15:12;Prefeitura Municipal de Jardim (CE);Planejamento e Prestação de Contas;11.3 Divulga a íntegra da decisão da apreciação ou julgamento das contas pelo Tribunal de Contas?;Obrigatório;Disponibilidade;Atende;"https://www.jardim.ce.gov.br/contasdegoverno.php
https://www.jardim.ce.gov.br/contasdegoverno?id=1388";Não Atende;
29739;15/05/2025 15:12;Prefeitura Municipal de Jardim (CE);Planejamento e Prestação de Contas;11.3 Divulga a íntegra da decisão da apreciação ou julgamento das contas pelo Tribunal de Contas?;Obrigatório;Atualidade;Atende;;Não Atende;
29739;15/05/2025 15:12;Prefeitura Municipal de Jardim (CE);Planejamento e Prestação de Contas;11.3 Divulga a íntegra da decisão da apreciação ou julgamento das contas pelo Tribunal de Contas?;Obrigatório;Série Histórica;Atende;;Não Atende;
29739;15/05/2025 15:12;Prefeitura Municipal de Jardim (CE);Planejamento e Prestação de Contas;11.4 Divulga o resultado do julgamento das Contas do Chefe do Poder Executivo pelo Poder Legislativo?;Obrigatório;Disponibilidade;Atende;https://www.jardim.ce.gov.br/contasdegoverno;Não Atende;
29739;15/05/2025 15:12;Prefeitura Municipal de Jardim (CE);Planejamento e Prestação de Contas;11.4 Divulga o resultado do julgamento das Contas do Chefe do Poder Executivo pelo Poder Legislativo?;Obrigatório;Atualidade;Atende;;Não Atende;
29739;15/05/2025 15:12;Prefeitura Municipal de Jardim (CE);Planejamento e Prestação de Contas;11.4 Divulga o resultado do julgamento das Contas do Chefe do Poder Executivo pelo Poder Legislativo?;Obrigatório;Série Histórica;Atende;;Não Atende;
29739;15/05/2025 15:12;Prefeitura Municipal de Jardim (CE);Planejamento e Prestação de Contas;11.5 Divulga o Relatório de Gestão Fiscal (RGF)?;Essencial;Disponibilidade;Atende;https://www.jardim.ce.gov.br/lrf.php?cat=4;Atende;
29739;15/05/2025 15:12;Prefeitura Municipal de Jardim (CE);Planejamento e Prestação de Contas;11.5 Divulga o Relatório de Gestão Fiscal (RGF)?;Essencial;Atualidade;Atende;;Atende;
29739;15/05/2025 15:12;Prefeitura Municipal de Jardim (CE);Planejamento e Prestação de Contas;11.5 Divulga o Relatório de Gestão Fiscal (RGF)?;Essencial;Série Histórica;Atende;;Atende;
29739;15/05/2025 15:12;Prefeitura Municipal de Jardim (CE);Planejamento e Prestação de Contas;11.5 Divulga o Relatório de Gestão Fiscal (RGF)?;Essencial;Filtros de Pesquisa;Atende;;Atende;
29739;15/05/2025 15:12;Prefeitura Municipal de Jardim (CE);Planejamento e Prestação de Contas;11.6 Divulga o Relatório Resumido da Execução Orçamentária (RREO)?;Essencial;Disponibilidade;Atende;https://www.jardim.ce.gov.br/lrf.php?cat=7;Atende;
29739;15/05/2025 15:12;Prefeitura Municipal de Jardim (CE);Planejamento e Prestação de Contas;11.6 Divulga o Relatório Resumido da Execução Orçamentária (RREO)?;Essencial;Atualidade;Atende;;Atende;
29739;15/05/2025 15:12;Prefeitura Municipal de Jardim (CE);Planejamento e Prestação de Contas;11.6 Divulga o Relatório Resumido da Execução Orçamentária (RREO)?;Essencial;Série Histórica;Atende;;Atende;
29739;15/05/2025 15:12;Prefeitura Municipal de Jardim (CE);Planejamento e Prestação de Contas;11.6 Divulga o Relatório Resumido da Execução Orçamentária (RREO)?;Essencial;Filtros de Pesquisa;Atende;;Atende;
29739;15/05/2025 15:12;Prefeitura Municipal de Jardim (CE);Planejamento e Prestação de Contas;11.7 Divulga o plano estratégico institucional ?;Recomendado;Disponibilidade;Atende;https://www.jardim.ce.gov.br/lrf.php?cat=15;Não Atende;
29739;15/05/2025 15:12;Prefeitura Municipal de Jardim (CE);Planejamento e Prestação de Contas;11.8 Divulga a Lei do Plano Plurianual (PPA) e seus anexos?;Essencial;Disponibilidade;Atende;https://www.jardim.ce.gov.br/lrf.php?cat=15;Atende;
29739;15/05/2025 15:12;Prefeitura Municipal de Jardim (CE);Planejamento e Prestação de Contas;11.9 Divulga a Lei do Diretrizes Orçamentárias (LDO) e seus anexos?;Essencial;Disponibilidade;Atende;"https://www.jardim.ce.gov.br/lrf.php#LDO
https://www.jardim.ce.gov.br/lrf.php?id=1296
https://www.jardim.ce.gov.br/arquivos/1296/ LDO%20%20LEI%20DE%20DIRETRIZES%20ORCAMENTARIA_ANUAL_2025_0000001.pdf";Atende;
29739;15/05/2025 15:12;Prefeitura Municipal de Jardim (CE);Planejamento e Prestação de Contas;11.10 Divulga a Lei Orçamentária (LOA) e seus anexos?;Essencial;Disponibilidade;Atende;"https://www.jardim.ce.gov.br/lrf.php#LOA
https://www.jardim.ce.gov.br/lrf.php?id=1313
https://www.jardim.ce.gov.br/arquivos/1313/ LOA%20%20LEI%20ORCAMENTARIA%20ANUAL_ANUAL_2025_0000001.pdf";Atende;
29739;15/05/2025 15:12;Prefeitura Municipal de Jardim (CE);SIC;12.1 Existe o SIC no site e Indica a unidade/setor responsável?;Obrigatório;Disponibilidade;Atende;https://www.jardim.ce.gov.br/sic.php;Atende;
29739;15/05/2025 15:12;Prefeitura Municipal de Jardim (CE);SIC;12.2 Indica o endereço físico, o telefone e o e-mail da unidade responsável pelo  SIC, além do horário de funcionamento?;Obrigatório;Disponibilidade;Atende;https://www.jardim.ce.gov.br/sic.php;Atende;
29739;15/05/2025 15:12;Prefeitura Municipal de Jardim (CE);SIC;12.3 Há possibilidade de envio de pedidos de informação de forma eletrônica (e­SIC)?;Obrigatório;Disponibilidade;Atende;https://www.jardim.ce.gov.br/sic.php;Atende;
29739;15/05/2025 15:12;Prefeitura Municipal de Jardim (CE);SIC;12.4  A solicitação por meio de eSic é simples, ou seja, sem a exigência de itens de identificação do requerente que dificultem ou impossibilitem o acesso à informação, tais como: envio de documentos, assinatura reconhecida, declaração de responsabilidade, maioridade?;Obrigatório;Disponibilidade;Atende;https://www.jardim.ce.gov.br/verifica_cad_uso.php;Atende;
29739;15/05/2025 15:12;Prefeitura Municipal de Jardim (CE);SIC;12.5  Divulga nesta seção, instrumento normativo local que regulamente a Lei nº 12.527/2011 - LAI?;Obrigatório;Disponibilidade;Atende;"https://www.jardim.ce.gov.br/regulamentacao_sic.php
https://www.jardim.ce.gov.br/doc.php?id=989&car=16";Atende;
29739;15/05/2025 15:12;Prefeitura Municipal de Jardim (CE);SIC;12.6 Divulga, na seção relativa ao e-SIC, os prazos de resposta ao cidadão, incluindo o recursal, e as autoridades competentes para o exame dos pedidos, além do procedimento referente à realização do pedido e de eventual recurso?;Recomendado;Disponibilidade;Atende;"https://www.jardim.ce.gov.br/prazos_sic.php
https://www.jardim.ce.gov.br/areport/?pg=prazos_sic&tipo=prazos";Atende;
29739;15/05/2025 15:12;Prefeitura Municipal de Jardim (CE);SIC;12.7 Divulga relatório anual estatístico contendo a quantidade de pedidos de acesso recebidos, atendidos, indeferidos, bem como informações genéricas sobre os solicitantes?;Obrigatório;Disponibilidade;Atende;https://www.jardim.ce.gov.br/sicrelatorios.php;Atende;
29739;15/05/2025 15:12;Prefeitura Municipal de Jardim (CE);SIC;12.7 Divulga relatório anual estatístico contendo a quantidade de pedidos de acesso recebidos, atendidos, indeferidos, bem como informações genéricas sobre os solicitantes?;Obrigatório;Atualidade;Atende;;Atende;
29739;15/05/2025 15:12;Prefeitura Municipal de Jardim (CE);SIC;12.7 Divulga relatório anual estatístico contendo a quantidade de pedidos de acesso recebidos, atendidos, indeferidos, bem como informações genéricas sobre os solicitantes?;Obrigatório;Série Histórica;Atende;;Atende;
29739;15/05/2025 15:12;Prefeitura Municipal de Jardim (CE);SIC;12.7 Divulga relatório anual estatístico contendo a quantidade de pedidos de acesso recebidos, atendidos, indeferidos, bem como informações genéricas sobre os solicitantes?;Obrigatório;Gravação de Relatórios;Atende;;Atende;
29739;15/05/2025 15:12;Prefeitura Municipal de Jardim (CE);SIC;12.7 Divulga relatório anual estatístico contendo a quantidade de pedidos de acesso recebidos, atendidos, indeferidos, bem como informações genéricas sobre os solicitantes?;Obrigatório;Filtros de Pesquisa;Atende;;Atende;
29739;15/05/2025 15:12;Prefeitura Municipal de Jardim (CE);SIC;12.8 Divulga lista de documentos classificados em cada grau de sigilo, contendo pelo menos o assunto sobre o qual versa a informação, a categoria na qual ela se encontra, o dispositivo legal que fundamenta a classificação e o respectivo prazo?;Obrigatório;Disponibilidade;Atende;"https://www.jardim.ce.gov.br/relatorios_com_sigilo.php
https://www.jardim.ce.gov.br/decmov/7/PDF_0000001.pdf";Atende;
29739;15/05/2025 15:12;Prefeitura Municipal de Jardim (CE);SIC;12.8 Divulga lista de documentos classificados em cada grau de sigilo, contendo pelo menos o assunto sobre o qual versa a informação, a categoria na qual ela se encontra, o dispositivo legal que fundamenta a classificação e o respectivo prazo?;Obrigatório;Atualidade;Atende;;Atende;
29739;15/05/2025 15:12;Prefeitura Municipal de Jardim (CE);SIC;12.8 Divulga lista de documentos classificados em cada grau de sigilo, contendo pelo menos o assunto sobre o qual versa a informação, a categoria na qual ela se encontra, o dispositivo legal que fundamenta a classificação e o respectivo prazo?;Obrigatório;Série Histórica;Atende;;Atende;
29739;15/05/2025 15:12;Prefeitura Municipal de Jardim (CE);SIC;12.8 Divulga lista de documentos classificados em cada grau de sigilo, contendo pelo menos o assunto sobre o qual versa a informação, a categoria na qual ela se encontra, o dispositivo legal que fundamenta a classificação e o respectivo prazo?;Obrigatório;Gravação de Relatórios;Atende;;Atende;
29739;15/05/2025 15:12;Prefeitura Municipal de Jardim (CE);SIC;12.8 Divulga lista de documentos classificados em cada grau de sigilo, contendo pelo menos o assunto sobre o qual versa a informação, a categoria na qual ela se encontra, o dispositivo legal que fundamenta a classificação e o respectivo prazo?;Obrigatório;Filtros de Pesquisa;Atende;;Atende;
29739;15/05/2025 15:12;Prefeitura Municipal de Jardim (CE);SIC;12.9 Divulga lista das informações que tenham sido desclassificadas nos últimos 12 (doze) meses?;Obrigatório;Disponibilidade;Atende;https://www.jardim.ce.gov.br/relatorios_sem_sigilo.php;Atende;
29739;15/05/2025 15:12;Prefeitura Municipal de Jardim (CE);SIC;12.9 Divulga lista das informações que tenham sido desclassificadas nos últimos 12 (doze) meses?;Obrigatório;Atualidade;Atende;;Atende;
29739;15/05/2025 15:12;Prefeitura Municipal de Jardim (CE);SIC;12.9 Divulga lista das informações que tenham sido desclassificadas nos últimos 12 (doze) meses?;Obrigatório;Série Histórica;Atende;;Atende;
29739;15/05/2025 15:12;Prefeitura Municipal de Jardim (CE);SIC;12.9 Divulga lista das informações que tenham sido desclassificadas nos últimos 12 (doze) meses?;Obrigatório;Gravação de Relatórios;Atende;;Atende;
29739;15/05/2025 15:12;Prefeitura Municipal de Jardim (CE);SIC;12.9 Divulga lista das informações que tenham sido desclassificadas nos últimos 12 (doze) meses?;Obrigatório;Filtros de Pesquisa;Atende;;Atende;
29739;15/05/2025 15:12;Prefeitura Municipal de Jardim (CE);Acessibilidade;13.1 O site oficial e o portal de transparência contêm símbolo de acessibilidade em destaque?;Obrigatório;Disponibilidade;Atende;"https://www.jardim.ce.gov.br/acessibilidade.php
https://www.jardim.ce.gov.br/";Atende;
29739;15/05/2025 15:12;Prefeitura Municipal de Jardim (CE);Acessibilidade;13.2 O site e o portal de transparência contêm exibição do “caminho” de páginas percorridas pelo usuário?;Obrigatório;Disponibilidade;Atende;https://www.jardim.ce.gov.br/acessibilidade.php;Atende;
29739;15/05/2025 15:12;Prefeitura Municipal de Jardim (CE);Acessibilidade;13.3 O site e o portal de transparência contêm opção de alto contraste?;Obrigatório;Disponibilidade;Atende;https://www.jardim.ce.gov.br/acessibilidade.php;Atende;
29739;15/05/2025 15:12;Prefeitura Municipal de Jardim (CE);Acessibilidade;13.4 O site e o portal de transparência contêm ferramenta de redimensionamento de texto?;Obrigatório;Disponibilidade;Atende;https://www.jardim.ce.gov.br/acessibilidade.php;Atende;
29739;15/05/2025 15:12;Prefeitura Municipal de Jardim (CE);Acessibilidade;13.5 Contém mapa do site institucional?;Recomendado;Disponibilidade;Atende;https://www.jardim.ce.gov.br/mapadosite;Atende;
29739;15/05/2025 15:12;Prefeitura Municipal de Jardim (CE);Ouvidoria;14.1 Há informações sobre o atendimento presencial pela Ouvidoria (Indicação de endereço físico e telefone, além do horário de funcionamento)?;Obrigatório;Disponibilidade;Atende;https://www.jardim.ce.gov.br/ouvidoria;Atende;
29739;15/05/2025 15:12;Prefeitura Municipal de Jardim (CE);Ouvidoria;14.2 Há canal eletrônico de acesso/interação com a Ouvidoria?;Obrigatório;Disponibilidade;Atende;https://www.jardim.ce.gov.br/ouvidoriaformulario.php;Atende;
29739;15/05/2025 15:12;Prefeitura Municipal de Jardim (CE);Ouvidoria;14.3 Divulga Carta de Serviços ao Usuário?;Obrigatório;Disponibilidade;Atende;https://www.jardim.ce.gov.br/cartaservicos.php;Atende;
29739;15/05/2025 15:12;Prefeitura Municipal de Jardim (CE);LGPD e Governo Digital;15.1 Identifica o encarregado/responsável pelo tratamento de dados pessoais e disponibiliza Canal de Comunicação (telefone e/ou e-mail)?;Obrigatório;Disponibilidade;Atende;https://www.jardim.ce.gov.br/lgpd.php;Atende;
29739;15/05/2025 15:12;Prefeitura Municipal de Jardim (CE);LGPD e Governo Digital;15.2 Publica a sua Política de Privacidade e Proteção de Dados?;Recomendado;Disponibilidade;Atende;"https://www.jardim.ce.gov.br/lgpd.php
https://www.jardim.ce.gov.br/politicadeprivacidade.php";Atende;
29739;15/05/2025 15:12;Prefeitura Municipal de Jardim (CE);LGPD e Governo Digital;15.3 Possibilita a demanda e o acesso a serviços públicos por meio digital, sem necessidade de solicitação presencial?;Obrigatório;Disponibilidade;Atende;"https://www.jardim.ce.gov.br/
https://www.jardim.ce.gov.br/ouvidoriaformulario.php
https://www.jardim.ce.gov.br/ouvidoria.php";Não Atende;
29739;15/05/2025 15:12;Prefeitura Municipal de Jardim (CE);LGPD e Governo Digital;15.4 Possibilita o acesso automatizado por sistemas externos em dados abertos (estruturados e legíveis por máquina), e a página contém as regras de utilização?;Obrigatório;Disponibilidade;Atende;https://www.jardim.ce.gov.br/dadosabertos.php;Atende;
29739;15/05/2025 15:12;Prefeitura Municipal de Jardim (CE);LGPD e Governo Digital;15.5 Regulamenta a Lei Federal nº 14.129/2021 (Governo Digital) e divulga a normativa em seu portal?;Recomendado;Disponibilidade;Atende;"https://www.jardim.ce.gov.br/doc.php?car=65
https://www.jardim.ce.gov.br/decmov/8/PDF_0000001.pdf";Atende;
29739;15/05/2025 15:12;Prefeitura Municipal de Jardim (CE);LGPD e Governo Digital;15.6 Realiza e divulga resultados de pesquisas de satisfação?;Obrigatório;Disponibilidade;Atende;"https://www.jardim.ce.gov.br/ouvidoria
https://www.jardim.ce.gov.br/pesquisasatisfacao.php";Atende;
29739;15/05/2025 15:12;Prefeitura Municipal de Jardim (CE);Renúncia de Receita;16.1 Divulga as desonerações tributárias concedidas e a fundamentação legal individualizada?;Recomendado;Disponibilidade;Atende;https://www.jardim.ce.gov.br/desoneracao.php;Atende;
29739;15/05/2025 15:12;Prefeitura Municipal de Jardim (CE);Renúncia de Receita;16.2 Divulga os valores da renúncia fiscal prevista e realizada, por tipo ou espécie de benefício ou incentivo fiscal?;Recomendado;Disponibilidade;Atende;https://www.jardim.ce.gov.br/renunciasfiscais.php;Não Atende;
29739;15/05/2025 15:12;Prefeitura Municipal de Jardim (CE);Renúncia de Receita;16.2 Divulga os valores da renúncia fiscal prevista e realizada, por tipo ou espécie de benefício ou incentivo fiscal?;Recomendado;Atualidade;Atende;;Não Atende;
29739;15/05/2025 15:12;Prefeitura Municipal de Jardim (CE);Renúncia de Receita;16.2 Divulga os valores da renúncia fiscal prevista e realizada, por tipo ou espécie de benefício ou incentivo fiscal?;Recomendado;Série Histórica;Atende;;Não Atende;
29739;15/05/2025 15:12;Prefeitura Municipal de Jardim (CE);Renúncia de Receita;16.2 Divulga os valores da renúncia fiscal prevista e realizada, por tipo ou espécie de benefício ou incentivo fiscal?;Recomendado;Gravação de Relatórios;Atende;;Não Atende;
29739;15/05/2025 15:12;Prefeitura Municipal de Jardim (CE);Renúncia de Receita;16.2 Divulga os valores da renúncia fiscal prevista e realizada, por tipo ou espécie de benefício ou incentivo fiscal?;Recomendado;Filtros de Pesquisa;Atende;;Não Atende;
29739;15/05/2025 15:12;Prefeitura Municipal de Jardim (CE);Renúncia de Receita;16.3 Identifica os beneficiários das desonerações tributárias (benefícios ou incentivos fiscais)?;Recomendado;Disponibilidade;Atende;https://www.jardim.ce.gov.br/renunciasfiscais.php;Não Atende;
29739;15/05/2025 15:12;Prefeitura Municipal de Jardim (CE);Renúncia de Receita;16.3 Identifica os beneficiários das desonerações tributárias (benefícios ou incentivos fiscais)?;Recomendado;Atualidade;Atende;;Não Atende;
29739;15/05/2025 15:12;Prefeitura Municipal de Jardim (CE);Renúncia de Receita;16.3 Identifica os beneficiários das desonerações tributárias (benefícios ou incentivos fiscais)?;Recomendado;Série Histórica;Atende;;Não Atende;
29739;15/05/2025 15:12;Prefeitura Municipal de Jardim (CE);Renúncia de Receita;16.3 Identifica os beneficiários das desonerações tributárias (benefícios ou incentivos fiscais)?;Recomendado;Gravação de Relatórios;Atende;;Não Atende;
29739;15/05/2025 15:12;Prefeitura Municipal de Jardim (CE);Renúncia de Receita;16.3 Identifica os beneficiários das desonerações tributárias (benefícios ou incentivos fiscais)?;Recomendado;Filtros de Pesquisa;Atende;;Não Atende;
29739;15/05/2025 15:12;Prefeitura Municipal de Jardim (CE);Renúncia de Receita;16.4 Divulga informações sobre projetos de incentivo à cultura (incluindo esportivos), identificando os projetos aprovados, o respectivo beneficiário e o valor aprovado?;Recomendado;Disponibilidade;Atende;"https://www.jardim.ce.gov.br/arquivos/1387/ POLITICA_NACIONAL_ALDIR_BLANC_01_2025_0000001.pdf
https://www.jardim.ce.gov.br/incentivosculturais";Atende;
29739;15/05/2025 15:12;Prefeitura Municipal de Jardim (CE);Renúncia de Receita;16.4 Divulga informações sobre projetos de incentivo à cultura (incluindo esportivos), identificando os projetos aprovados, o respectivo beneficiário e o valor aprovado?;Recomendado;Atualidade;Atende;;Atende;
29739;15/05/2025 15:12;Prefeitura Municipal de Jardim (CE);Renúncia de Receita;16.4 Divulga informações sobre projetos de incentivo à cultura (incluindo esportivos), identificando os projetos aprovados, o respectivo beneficiário e o valor aprovado?;Recomendado;Série Histórica;Atende;;Não Atende;
29739;15/05/2025 15:12;Prefeitura Municipal de Jardim (CE);Renúncia de Receita;16.4 Divulga informações sobre projetos de incentivo à cultura (incluindo esportivos), identificando os projetos aprovados, o respectivo beneficiário e o valor aprovado?;Recomendado;Gravação de Relatórios;Atende;;Atende;
29739;15/05/2025 15:12;Prefeitura Municipal de Jardim (CE);Renúncia de Receita;16.4 Divulga informações sobre projetos de incentivo à cultura (incluindo esportivos), identificando os projetos aprovados, o respectivo beneficiário e o valor aprovado?;Recomendado;Filtros de Pesquisa;Atende;;Atende;
29739;15/05/2025 15:12;Prefeitura Municipal de Jardim (CE);Emendas parlamentares;17.1 Identifica as emendas parlamentares recebidas, contendo informações sobre a origem, a forma de repasse, o tipo de emenda, o número da emenda, a autoria, o valor previsto e realizado, o objeto e função de governo?;Recomendado;Disponibilidade;Atende;https://www.jardim.ce.gov.br/lcreceitaemenda.php;Não Atende;
29739;15/05/2025 15:12;Prefeitura Municipal de Jardim (CE);Emendas parlamentares;17.1 Identifica as emendas parlamentares recebidas, contendo informações sobre a origem, a forma de repasse, o tipo de emenda, o número da emenda, a autoria, o valor previsto e realizado, o objeto e função de governo?;Recomendado;Atualidade;Atende;;Não Atende;
29739;15/05/2025 15:12;Prefeitura Municipal de Jardim (CE);Emendas parlamentares;17.1 Identifica as emendas parlamentares recebidas, contendo informações sobre a origem, a forma de repasse, o tipo de emenda, o número da emenda, a autoria, o valor previsto e realizado, o objeto e função de governo?;Recomendado;Série Histórica;Atende;;Não Atende;
29739;15/05/2025 15:12;Prefeitura Municipal de Jardim (CE);Emendas parlamentares;17.1 Identifica as emendas parlamentares recebidas, contendo informações sobre a origem, a forma de repasse, o tipo de emenda, o número da emenda, a autoria, o valor previsto e realizado, o objeto e função de governo?;Recomendado;Gravação de Relatórios;Atende;;Não Atende;
29739;15/05/2025 15:12;Prefeitura Municipal de Jardim (CE);Emendas parlamentares;17.1 Identifica as emendas parlamentares recebidas, contendo informações sobre a origem, a forma de repasse, o tipo de emenda, o número da emenda, a autoria, o valor previsto e realizado, o objeto e função de governo?;Recomendado;Filtros de Pesquisa;Atende;;Não Atende;
29739;15/05/2025 15:12;Prefeitura Municipal de Jardim (CE);Emendas parlamentares;"17.2 Demonstra a execução orçamentária e financeira  oriundas ""emendas pix""?";Recomendado;Disponibilidade;Atende;https://www.jardim.ce.gov.br/lcempenhosemenda.php;Não Atende;
29739;15/05/2025 15:12;Prefeitura Municipal de Jardim (CE);Emendas parlamentares;"17.2 Demonstra a execução orçamentária e financeira  oriundas ""emendas pix""?";Recomendado;Atualidade;Atende;;Não Atende;
29739;15/05/2025 15:12;Prefeitura Municipal de Jardim (CE);Emendas parlamentares;"17.2 Demonstra a execução orçamentária e financeira  oriundas ""emendas pix""?";Recomendado;Série Histórica;Atende;;Não Atende;
29739;15/05/2025 15:12;Prefeitura Municipal de Jardim (CE);Emendas parlamentares;"17.2 Demonstra a execução orçamentária e financeira  oriundas ""emendas pix""?";Recomendado;Gravação de Relatórios;Atende;;Não Atende;
29739;15/05/2025 15:12;Prefeitura Municipal de Jardim (CE);Emendas parlamentares;"17.2 Demonstra a execução orçamentária e financeira  oriundas ""emendas pix""?";Recomendado;Filtros de Pesquisa;Atende;;Não Atende;
29739;15/05/2025 15:12;Prefeitura Municipal de Jardim (CE);Saúde;18.1 Divulga o plano de saúde, a programação anual e o relatório de gestão?;Obrigatório;Disponibilidade;Atende;"https://www.jardim.ce.gov.br/doc.php?car=68
https://www.jardim.ce.gov.br/planosmunicipais.php?grupo=plano_municipal_de_saude";Não Atende;
29739;15/05/2025 15:12;Prefeitura Municipal de Jardim (CE);Saúde;18.1 Divulga o plano de saúde, a programação anual e o relatório de gestão?;Obrigatório;Atualidade;Atende;;Não Atende;
29739;15/05/2025 15:12;Prefeitura Municipal de Jardim (CE);Saúde;18.1 Divulga o plano de saúde, a programação anual e o relatório de gestão?;Obrigatório;Série Histórica;Atende;;Não Atende;
29739;15/05/2025 15:12;Prefeitura Municipal de Jardim (CE);Saúde;18.1 Divulga o plano de saúde, a programação anual e o relatório de gestão?;Obrigatório;Filtros de Pesquisa;Atende;;Não Atende;
29739;15/05/2025 15:12;Prefeitura Municipal de Jardim (CE);Saúde;18.2 Divulga informações relacionadas aos serviços de saúde, indicando os horários, os profissionais prestadores de serviços, as especialidades e local?;Obrigatório;Disponibilidade;Atende;"https://www.jardim.ce.gov.br/secretaria.php?sec=8
https://www.jardim.ce.gov.br/unidadesaude.php
https://www.jardim.ce.gov.br/secretaria.php?sec=8#saude";Não Atende;
29739;15/05/2025 15:12;Prefeitura Municipal de Jardim (CE);Saúde;18.2 Divulga informações relacionadas aos serviços de saúde, indicando os horários, os profissionais prestadores de serviços, as especialidades e local?;Obrigatório;Atualidade;Atende;;Não Atende;
29739;15/05/2025 15:12;Prefeitura Municipal de Jardim (CE);Saúde;18.2 Divulga informações relacionadas aos serviços de saúde, indicando os horários, os profissionais prestadores de serviços, as especialidades e local?;Obrigatório;Filtros de Pesquisa;Atende;;Não Atende;
29739;15/05/2025 15:12;Prefeitura Municipal de Jardim (CE);Saúde;18.3 Divulga a lista de espera de regulação para acesso às consultas, exames e serviços médicos ?;Recomendado;Disponibilidade;Atende;https://www.jardim.ce.gov.br/informa/662/central-de-regula-o-municipal-cremu-divulga-obole;Não Atende;
29739;15/05/2025 15:12;Prefeitura Municipal de Jardim (CE);Saúde;18.4 Divulga lista dos medicamentos a serem fornecidos pelo SUS e informações de como obter medicamentos, incluindo os de alto custo?;Recomendado;Disponibilidade;Atende;https://www.jardim.ce.gov.br/medicamentos.php;Não Atende;
29739;15/05/2025 15:12;Prefeitura Municipal de Jardim (CE);Saúde;18.4 Divulga lista dos medicamentos a serem fornecidos pelo SUS e informações de como obter medicamentos, incluindo os de alto custo?;Recomendado;Atualidade;Atende;;Não Atende;
29739;15/05/2025 15:12;Prefeitura Municipal de Jardim (CE);Saúde;18.4 Divulga lista dos medicamentos a serem fornecidos pelo SUS e informações de como obter medicamentos, incluindo os de alto custo?;Recomendado;Filtros de Pesquisa;Atende;;Não Atende;
29739;15/05/2025 15:12;Prefeitura Municipal de Jardim (CE);Saúde;18.5 Divulga os estoques de medicamentos das farmácias públicas?;Obrigatório;Disponibilidade;Atende;https://www.jardim.ce.gov.br/medicamentos.php;Não Atende;
29739;15/05/2025 15:12;Prefeitura Municipal de Jardim (CE);Saúde;18.5 Divulga os estoques de medicamentos das farmácias públicas?;Obrigatório;Atualidade;Atende;;Não Atende;
29739;15/05/2025 15:12;Prefeitura Municipal de Jardim (CE);Saúde;18.5 Divulga os estoques de medicamentos das farmácias públicas?;Obrigatório;Filtros de Pesquisa;Atende;;Não Atende;
29739;15/05/2025 15:12;Prefeitura Municipal de Jardim (CE);Educação;19.1 Divulga o plano de educação e o respectivo relatório de resultados?;Recomendado;Disponibilidade;Atende;"https://www.jardim.ce.gov.br/doc.php?car=69
https://www.jardim.ce.gov.br/planosmunicipais.php?grupo=plano_municipal_de_educacao";Não Atende;
29739;15/05/2025 15:12;Prefeitura Municipal de Jardim (CE);Educação;19.1 Divulga o plano de educação e o respectivo relatório de resultados?;Recomendado;Atualidade;Atende;;Não Atende;
29739;15/05/2025 15:12;Prefeitura Municipal de Jardim (CE);Educação;19.1 Divulga o plano de educação e o respectivo relatório de resultados?;Recomendado;Série Histórica;Atende;;Não Atende;
29739;15/05/2025 15:12;Prefeitura Municipal de Jardim (CE);Educação;19.1 Divulga o plano de educação e o respectivo relatório de resultados?;Recomendado;Filtros de Pesquisa;Atende;;Não Atende;
29739;15/05/2025 15:12;Prefeitura Municipal de Jardim (CE);Educação;19.2 Divulga a lista de espera em creches públicas e os critérios de priorização de acesso a elas?;Obrigatório;Disponibilidade;Atende;"https://www.jardim.ce.gov.br/doc.php?car=73
https://www.jardim.ce.gov.br/doc.php?id=1374&car=73
https://www.jardim.ce.gov.br/arquivos/1374/LISTA_DE_ESPERA_DE_CRECHE__2025_0000001.pdf";Atende;
29739;15/05/2025 15:12;Prefeitura Municipal de Jardim (CE);Educação;19.2 Divulga a lista de espera em creches públicas e os critérios de priorização de acesso a elas?;Obrigatório;Atualidade;Atende;;Atende;
